s.no,Date,Open,High,Low,Close,Adj Close,Volume
1,03-01-2017,62.79000092,62.84000015,62.13000107,62.58000183,58.82685471,20694100
2,04-01-2017,62.47999954,62.75,62.11999893,62.29999924,58.56364441,21340000
3,05-01-2017,62.18999863,62.65999985,62.02999878,62.29999924,58.56364441,24876000
4,06-01-2017,62.29999924,63.15000153,62.04000092,62.84000015,59.07126236,19922900
5,09-01-2017,62.75999832,63.08000183,62.54000092,62.63999939,58.883255,20382700
6,10-01-2017,62.72999954,63.06999969,62.27999878,62.61999893,58.86444855,18593000
7,11-01-2017,62.61000061,63.22999954,62.43000031,63.18999863,59.40026474,21517300
8,12-01-2017,63.06000137,63.40000153,61.95000076,62.61000061,58.85504913,20968200
9,13-01-2017,62.61999893,62.86999893,62.34999847,62.70000076,58.93966293,19422300
10,17-01-2017,62.68000031,62.70000076,62.02999878,62.52999878,58.77985001,20664000
11,18-01-2017,62.66999817,62.70000076,62.11999893,62.5,58.75165176,19670100
12,19-01-2017,62.24000168,62.97999954,62.20000076,62.29999924,58.56364441,18451700
13,20-01-2017,62.66999817,62.81999969,62.36999893,62.74000168,58.97725677,30213500
14,23-01-2017,62.70000076,63.11999893,62.56999969,62.95999908,59.18407059,23097600
15,24-01-2017,63.20000076,63.74000168,62.93999863,63.52000046,59.71048355,24672900
16,25-01-2017,63.95000076,64.09999847,63.45000076,63.68000031,59.86087799,23672700
17,26-01-2017,64.12000275,64.54000092,63.54999924,64.26999664,60.41549683,43554600
18,27-01-2017,65.38999939,65.91000366,64.88999939,65.77999878,61.83493805,44818000
19,30-01-2017,65.69000244,65.79000092,64.80000305,65.12999725,61.2239151,31651400
20,31-01-2017,64.86000061,65.15000153,64.26000214,64.65000153,60.77271271,25270500
21,01-02-2017,64.36000061,64.62000275,63.47000122,63.58000183,59.76688385,39671500
22,02-02-2017,63.25,63.40999985,62.75,63.16999817,59.38146973,45827000
23,03-02-2017,63.5,63.70000076,63.06999969,63.68000031,59.86087799,30301800
24,06-02-2017,63.5,63.65000153,63.13999939,63.63999939,59.82328415,19796400
25,07-02-2017,63.74000168,63.77999878,63.22999954,63.43000031,59.62587357,20277200
26,08-02-2017,63.56999969,63.81000137,63.22000122,63.34000015,59.54127884,18096400
27,09-02-2017,63.52000046,64.44000244,63.31999969,64.05999756,60.21809387,22644400
28,10-02-2017,64.25,64.30000305,63.97999954,64,60.16169739,18170700
29,13-02-2017,64.23999786,64.86000061,64.12999725,64.72000122,60.83851242,22920100
30,14-02-2017,64.41000366,64.72000122,64.01999664,64.56999969,61.06549454,23108400
31,15-02-2017,64.5,64.56999969,64.16000366,64.52999878,61.02766037,17005200
32,16-02-2017,64.73999786,65.23999786,64.44000244,64.51999664,61.01819229,20546300
33,17-02-2017,64.47000122,64.69000244,64.30000305,64.62000275,61.11277771,21248800
34,21-02-2017,64.61000061,64.94999695,64.44999695,64.48999786,60.98983383,20655900
35,22-02-2017,64.33000183,64.38999939,64.05000305,64.36000061,60.86688232,19292700
36,23-02-2017,64.41999817,64.73000336,64.19000244,64.62000275,61.11277771,20273100
37,24-02-2017,64.52999878,64.80000305,64.13999939,64.62000275,61.11277771,21796800
38,27-02-2017,64.54000092,64.54000092,64.05000305,64.23000336,60.74394989,15871500
39,28-02-2017,64.08000183,64.19999695,63.75999832,63.97999954,60.50750732,23239800
40,01-03-2017,64.12999725,64.98999786,64.01999664,64.94000244,61.41541672,26937500
41,02-03-2017,64.69000244,64.75,63.88000107,64.01000214,60.53588486,24539600
42,03-03-2017,63.99000168,64.27999878,63.61999893,64.25,60.76285172,18135900
43,06-03-2017,63.97000122,64.55999756,63.81000137,64.26999664,60.7817688,18750300
44,07-03-2017,64.19000244,64.77999878,64.19000244,64.40000153,60.90472031,18521000
45,08-03-2017,64.26000214,65.08000183,64.25,64.98999786,61.46269226,21510900
46,09-03-2017,65.19000244,65.19999695,64.48000336,64.73000336,61.21680832,19846800
47,10-03-2017,65.11000061,65.26000214,64.75,64.93000031,61.40593719,19538200
48,13-03-2017,65.01000214,65.19000244,64.56999969,64.70999908,61.19788742,20100000
49,14-03-2017,64.52999878,64.55000305,64.15000153,64.41000366,60.91417313,14280200
50,15-03-2017,64.55000305,64.91999817,64.25,64.75,61.23571777,24833800
51,16-03-2017,64.75,64.76000214,64.30000305,64.63999939,61.13168716,20674300
52,17-03-2017,64.91000366,65.23999786,64.68000031,64.87000275,61.34920502,49219700
53,20-03-2017,64.91000366,65.18000031,64.72000122,64.93000031,61.40593719,14598100
54,21-03-2017,65.19000244,65.5,64.12999725,64.20999908,60.72502899,26640500
55,22-03-2017,64.12000275,65.13999939,64.12000275,65.02999878,61.5005188,20680000
56,23-03-2017,64.94000244,65.23999786,64.76999664,64.87000275,61.34920502,19269200
57,24-03-2017,65.36000061,65.44999695,64.76000214,64.98000336,61.45324707,22617100
58,27-03-2017,64.62999725,65.22000122,64.34999847,65.09999847,61.56672287,18614700
59,28-03-2017,64.95999908,65.47000122,64.65000153,65.29000092,61.74641037,20080400
60,29-03-2017,65.12000275,65.5,64.94999695,65.47000122,61.91664124,13618400
61,30-03-2017,65.41999817,65.98000336,65.36000061,65.70999908,62.14361572,15122800
62,31-03-2017,65.65000153,66.19000244,65.44999695,65.86000061,62.28547668,21040300
63,03-04-2017,65.80999756,65.94000244,65.19000244,65.55000305,61.99230194,20400900
64,04-04-2017,65.38999939,65.80999756,65.27999878,65.73000336,62.16253662,12997400
65,05-04-2017,66.30000305,66.34999847,65.44000244,65.55999756,62.00175858,21448600
66,06-04-2017,65.59999847,66.05999756,65.48000336,65.73000336,62.16253662,18103500
67,07-04-2017,65.84999847,65.95999908,65.44000244,65.68000031,62.115242,14108500
68,10-04-2017,65.61000061,65.81999969,65.36000061,65.52999878,61.9733696,17952700
69,11-04-2017,65.59999847,65.61000061,64.84999847,65.48000336,61.92609406,18791500
70,12-04-2017,65.41999817,65.51000214,65.11000061,65.23000336,61.68966675,17108500
71,13-04-2017,65.29000092,65.86000061,64.94999695,64.94999695,61.42486191,17896500
72,17-04-2017,65.04000092,65.48999786,65.01000214,65.48000336,61.92609406,16689300
73,18-04-2017,65.33000183,65.70999908,65.16000366,65.38999939,61.84098816,15155600
74,19-04-2017,65.65000153,65.75,64.88999939,65.04000092,61.50997543,26992800
75,20-04-2017,65.45999908,65.75,65.13999939,65.5,61.94501495,22299500
76,21-04-2017,65.66999817,66.69999695,65.44999695,66.40000153,62.79616928,32522600
77,24-04-2017,67.48000336,67.66000366,67.09999847,67.52999878,63.86483002,29770000
78,25-04-2017,67.90000153,68.04000092,67.59999847,67.91999817,64.23368073,30242700
79,26-04-2017,68.08000183,68.30999756,67.62000275,67.83000183,64.14855194,26190800
80,27-04-2017,68.15000153,68.37999725,67.58000183,68.26999664,64.56467438,34971000
81,28-04-2017,68.91000366,69.13999939,67.69000244,68.45999908,64.74436188,39548800
82,01-05-2017,68.68000031,69.55000305,68.5,69.41000366,65.64279938,31954400
83,02-05-2017,69.70999908,69.70999908,69.12999725,69.30000305,65.53877258,23906100
84,03-05-2017,69.37999725,69.37999725,68.70999908,69.08000183,65.33071899,28928000
85,04-05-2017,69.02999878,69.08000183,68.63999939,68.80999756,65.07535553,21749400
86,05-05-2017,68.90000153,69.02999878,68.48999786,69,65.25505829,19128800
87,08-05-2017,68.97000122,69.05000305,68.41999817,68.94000244,65.19829559,18566100
88,09-05-2017,68.86000061,69.27999878,68.68000031,69.04000092,65.29289246,22858400
89,10-05-2017,68.98999786,69.55999756,68.91999817,69.30999756,65.5482254,17977800
90,11-05-2017,68.36000061,68.73000336,68.12000275,68.45999908,64.74436188,28789400
91,12-05-2017,68.61000061,68.61000061,68.04000092,68.37999725,64.66870117,18714100
92,15-05-2017,68.13999939,68.48000336,67.56999969,68.43000031,64.71598816,31530300
93,16-05-2017,68.23000336,69.44000244,68.16000366,69.41000366,66.01906586,34956000
94,17-05-2017,68.88999939,69.09999847,67.43000031,67.48000336,64.18335724,30548800
95,18-05-2017,67.40000153,68.12999725,67.13999939,67.70999908,64.40209961,25201300
96,19-05-2017,67.5,68.09999847,67.43000031,67.69000244,64.38309479,26961100
97,22-05-2017,67.88999939,68.5,67.5,68.44999695,65.10595703,16237600
98,23-05-2017,68.72000122,68.75,68.37999725,68.68000031,65.32472229,15425800
99,24-05-2017,68.87000275,68.87999725,68.44999695,68.76999664,65.41033173,14593900
100,25-05-2017,68.97000122,69.87999725,68.91000366,69.62000275,66.21880341,21854100
101,26-05-2017,69.80000305,70.22000122,69.51999664,69.95999908,66.54217529,19827900
102,30-05-2017,69.79000092,70.41000366,69.76999664,70.41000366,66.97021484,17072800
103,31-05-2017,70.52999878,70.73999786,69.80999756,69.83999634,66.42803955,30436400
104,01-06-2017,70.23999786,70.61000061,69.44999695,70.09999847,66.67533875,21603600
105,02-06-2017,70.44000244,71.86000061,70.23999786,71.76000214,68.25424194,34770300
106,05-06-2017,71.97000122,72.88999939,71.80999756,72.27999878,68.74884796,33316800
107,06-06-2017,72.30000305,72.62000275,72.26999664,72.51999664,68.97712708,31511100
108,07-06-2017,72.63999939,72.76999664,71.94999695,72.38999939,68.85347748,22301800
109,08-06-2017,72.51000214,72.51999664,71.5,71.94999695,68.43497467,24588300
110,09-06-2017,72.04000092,72.08000183,68.58999634,70.31999969,66.88460541,49187400
111,12-06-2017,69.25,69.94000244,68.12999725,69.77999878,66.37097168,47761700
112,13-06-2017,70.01999664,70.81999969,69.95999908,70.65000153,67.1984787,25258600
113,14-06-2017,70.91000366,71.09999847,69.43000031,70.26999664,66.83705139,25510700
114,15-06-2017,69.26999664,70.20999908,68.80000305,69.90000153,66.48513031,26068700
115,16-06-2017,69.73000336,70.02999878,69.22000122,70,66.58024597,48345100
116,19-06-2017,70.5,70.94000244,70.34999847,70.87000275,67.40772247,23798300
117,20-06-2017,70.81999969,70.87000275,69.87000275,69.91000366,66.49463654,21512200
118,21-06-2017,70.20999908,70.62000275,69.94000244,70.26999664,66.83705139,19891100
119,22-06-2017,70.54000092,70.58999634,69.70999908,70.26000214,66.82752991,22965700
120,23-06-2017,70.08999634,71.25,69.91999817,71.20999908,67.73111725,27617300
121,26-06-2017,71.40000153,71.70999908,70.44000244,70.52999878,67.08433533,19607000
122,27-06-2017,70.11000061,70.18000031,69.18000031,69.20999908,65.82881927,25215100
123,28-06-2017,69.20999908,69.83999634,68.79000092,69.80000305,66.39001465,25806200
124,29-06-2017,69.37999725,69.48999786,68.08999634,68.48999786,65.14400482,28918700
125,30-06-2017,68.77999878,69.37999725,68.73999786,68.93000031,65.5625,24161100
126,03-07-2017,69.33000183,69.59999847,68.01999664,68.16999817,64.83963776,16165500
127,05-07-2017,68.26000214,69.44000244,68.22000122,69.08000183,65.70517731,21176300
128,06-07-2017,68.26999664,68.77999878,68.12000275,68.56999969,65.2201004,21117600
129,07-07-2017,68.69999695,69.83999634,68.69999695,69.45999908,66.06661987,16878300
130,10-07-2017,69.45999908,70.25,69.19999695,69.98000336,66.56121826,15014500
131,11-07-2017,70,70.68000031,69.75,69.98999786,66.57071686,17460000
132,12-07-2017,70.69000244,71.27999878,70.55000305,71.15000153,67.67407227,17750900
133,13-07-2017,71.5,72.04000092,71.30999756,71.76999664,68.26376343,20269800
134,14-07-2017,72.23999786,73.26999664,71.95999908,72.77999878,69.2244339,25868100
135,17-07-2017,72.80000305,73.44999695,72.72000122,73.34999847,69.76657867,21803900
136,18-07-2017,73.08999634,73.38999939,72.66000366,73.30000305,69.7190094,26435300
137,19-07-2017,73.5,74.04000092,73.44999695,73.86000061,70.25165558,22416200
138,20-07-2017,74.18000031,74.30000305,73.27999878,74.22000122,70.59407043,42361000
139,21-07-2017,73.44999695,74.29000092,73.16999817,73.79000092,70.18508148,46717100
140,24-07-2017,73.52999878,73.75,73.12999725,73.59999847,70.00437164,21394800
141,25-07-2017,73.80000305,74.30999756,73.5,74.19000244,70.56555176,22018700
142,26-07-2017,74.33999634,74.37999725,73.80999756,74.05000305,70.43236542,16252200
143,27-07-2017,73.76000214,74.41999817,72.31999969,73.16000366,69.58586121,36844200
144,28-07-2017,72.66999817,73.30999756,72.54000092,73.04000092,69.47171021,18306700
145,31-07-2017,73.30000305,73.44000244,72.41000366,72.69999695,69.14833069,23600100
146,01-08-2017,73.09999847,73.41999817,72.48999786,72.58000183,69.03420258,22132300
147,02-08-2017,72.55000305,72.55999756,71.44000244,72.26000214,68.72983551,26499200
148,03-08-2017,72.19000244,72.44000244,71.84999847,72.15000153,68.62519836,18214400
149,04-08-2017,72.40000153,73.04000092,72.23999786,72.68000031,69.12931824,22579000
150,07-08-2017,72.80000305,72.90000153,72.26000214,72.40000153,68.86299896,18705700
151,08-08-2017,72.08999634,73.12999725,71.75,72.79000092,69.23394012,22044600
152,09-08-2017,72.25,72.51000214,72.05000305,72.47000122,68.92956543,22213400
153,10-08-2017,71.90000153,72.19000244,71.34999847,71.41000366,67.92134857,24734500
154,11-08-2017,71.61000061,72.69999695,71.27999878,72.5,68.95809937,21443700
155,14-08-2017,73.05999756,73.72000122,72.94999695,73.58999634,69.99485016,20096600
156,15-08-2017,73.58999634,73.58999634,73.04000092,73.22000122,70.01398468,19181400
157,16-08-2017,73.33999634,74.09999847,73.16999817,73.65000153,70.42514801,18150400
158,17-08-2017,73.58000183,73.87000275,72.40000153,72.40000153,69.22988129,22977500
159,18-08-2017,72.26999664,72.83999634,71.93000031,72.48999786,69.31593323,18761500
160,21-08-2017,72.47000122,72.48000336,71.69999695,72.15000153,68.99082947,17734800
161,22-08-2017,72.34999847,73.23999786,72.34999847,73.16000366,69.95661163,14343700
162,23-08-2017,72.95999908,73.15000153,72.52999878,72.72000122,69.53588867,13766500
163,24-08-2017,72.73999786,72.86000061,72.06999969,72.69000244,69.50718689,17098300
164,25-08-2017,72.86000061,73.34999847,72.48000336,72.81999969,69.63147736,12794300
165,28-08-2017,73.05999756,73.08999634,72.55000305,72.83000183,69.64105225,14569700
166,29-08-2017,72.25,73.16000366,72.05000305,73.05000305,69.85140991,11478400
167,30-08-2017,73.01000214,74.20999908,72.83000183,74.01000214,70.76937866,16897800
168,31-08-2017,74.02999878,74.95999908,73.80000305,74.76999664,71.49611664,27652800
169,01-09-2017,74.70999908,74.73999786,73.63999939,73.94000244,70.70245361,21736200
170,05-09-2017,73.33999634,73.88999939,72.98000336,73.61000061,70.38690186,21556000
171,06-09-2017,73.73999786,74.04000092,73.34999847,73.40000153,70.18609619,16535800
172,07-09-2017,73.68000031,74.59999847,73.59999847,74.33999634,71.08493042,17471200
173,08-09-2017,74.33000183,74.44000244,73.83999634,73.98000336,70.74069977,14703800
174,11-09-2017,74.30999756,74.94000244,74.30999756,74.76000214,71.48654175,17910400
175,12-09-2017,74.76000214,75.23999786,74.37000275,74.68000031,71.41004944,14394900
176,13-09-2017,74.93000031,75.23000336,74.55000305,75.20999908,71.9168396,13380800
177,14-09-2017,75,75.48999786,74.51999664,74.76999664,71.49611664,15733900
178,15-09-2017,74.83000183,75.38999939,74.06999969,75.30999756,72.01245117,38578400
179,18-09-2017,75.23000336,75.97000122,75.04000092,75.16000366,71.86904144,23307000
180,19-09-2017,75.20999908,75.70999908,75.01000214,75.44000244,72.13677979,16093300
181,20-09-2017,75.34999847,75.55000305,74.30999756,74.94000244,71.65866089,21587900
182,21-09-2017,75.11000061,75.23999786,74.11000061,74.20999908,70.96060944,19186100
183,22-09-2017,73.98999786,74.51000214,73.84999847,74.41000366,71.15187073,14111400
184,25-09-2017,74.08999634,74.25,72.91999817,73.26000214,70.05221558,24149200
185,26-09-2017,73.66999817,73.80999756,72.98999786,73.26000214,70.05221558,18019600
186,27-09-2017,73.55000305,74.16999817,73.16999817,73.84999847,70.61638641,19565100
187,28-09-2017,73.54000092,73.97000122,73.30999756,73.87000275,70.63552094,10883800
188,29-09-2017,73.94000244,74.54000092,73.87999725,74.48999786,71.22836304,17079100
189,02-10-2017,74.70999908,75.01000214,74.30000305,74.61000061,71.34310913,15304800
190,03-10-2017,74.66999817,74.87999725,74.19000244,74.26000214,71.00843811,12190400
191,04-10-2017,74.08999634,74.72000122,73.70999908,74.69000244,71.41960907,13317700
192,05-10-2017,75.22000122,76.12000275,74.95999908,75.97000122,72.64355469,21195300
193,06-10-2017,75.66999817,76.02999878,75.54000092,76,72.67225647,13959800
194,09-10-2017,75.97000122,76.55000305,75.86000061,76.29000092,72.94955444,11386500
195,10-10-2017,76.33000183,76.62999725,76.13999939,76.29000092,72.94955444,13944500
196,11-10-2017,76.36000061,76.45999908,75.94999695,76.41999817,73.07385254,15388900
197,12-10-2017,76.48999786,77.29000092,76.37000275,77.12000275,73.74319458,16876500
198,13-10-2017,77.58999634,77.87000275,77.29000092,77.48999786,74.09700775,15335700
199,16-10-2017,77.41999817,77.80999756,77.34999847,77.65000153,74.24999237,12380100
200,17-10-2017,77.47000122,77.62000275,77.25,77.58999634,74.19262695,16824000
201,18-10-2017,77.66999817,77.84999847,77.37000275,77.61000061,74.21175385,13300700
202,19-10-2017,77.56999969,77.93000031,77.34999847,77.91000366,74.49862671,15092800
203,20-10-2017,78.31999969,78.97000122,78.22000122,78.80999756,75.35921478,22866400
204,23-10-2017,78.98999786,79.33999634,78.76000214,78.83000183,75.37834167,20627200
205,24-10-2017,78.90000153,79.19999695,78.45999908,78.86000061,75.40701294,17517200
206,25-10-2017,78.58000183,79.09999847,78.01000214,78.62999725,75.18709564,20410800
207,26-10-2017,79.19999695,79.41999817,78.75,78.76000214,75.31138611,32120700
208,27-10-2017,84.37000275,86.19999695,83.61000061,83.80999756,80.14027405,71066700
209,30-10-2017,83.69999695,84.33000183,83.11000061,83.88999939,80.21677399,31756700
210,31-10-2017,84.36000061,84.36000061,83.11000061,83.18000031,79.53786469,27086600
211,01-11-2017,83.68000031,83.76000214,82.87999725,83.18000031,79.53786469,22307400
212,02-11-2017,83.34999847,84.45999908,83.12000275,84.05000305,80.36977386,23992900
213,03-11-2017,84.08000183,84.54000092,83.40000153,84.13999939,80.45582581,17633500
214,06-11-2017,84.19999695,84.69999695,84.08000183,84.47000122,80.77138519,19860900
215,07-11-2017,84.76999664,84.90000153,83.93000031,84.26999664,80.5801239,17939700
216,08-11-2017,84.13999939,84.61000061,83.83000183,84.55999756,80.85743713,18034200
217,09-11-2017,84.11000061,84.26999664,82.90000153,84.08999634,80.40801239,21178400
218,10-11-2017,83.79000092,84.09999847,83.23000336,83.87000275,80.19766235,19397800
219,13-11-2017,83.66000366,83.94000244,83.45999908,83.93000031,80.25502777,14196900
220,14-11-2017,83.5,84.09999847,82.98000336,84.05000305,80.36977386,18801300
221,15-11-2017,83.47000122,83.69000244,82.69000244,82.98000336,79.74511719,19383100
222,16-11-2017,83.09999847,83.41999817,82.94000244,83.19999695,79.95652771,20962800
223,17-11-2017,83.12000275,83.12000275,82.23999786,82.40000153,79.18772888,22079000
224,20-11-2017,82.40000153,82.58999634,82.25,82.52999878,79.31264496,16315000
225,21-11-2017,82.73999786,83.83999634,82.73999786,83.72000122,80.45626068,21237500
226,22-11-2017,83.83000183,83.90000153,83.04000092,83.11000061,79.87005615,20553100
227,24-11-2017,83.01000214,83.43000031,82.77999878,83.26000214,80.01419067,7425600
228,27-11-2017,83.30999756,83.98000336,83.30000305,83.87000275,80.60041809,18265200
229,28-11-2017,84.06999969,85.05999756,84.01999664,84.87999725,81.57103729,21926000
230,29-11-2017,84.70999908,84.91999817,83.18000031,83.33999634,80.09107208,27381100
231,30-11-2017,83.51000214,84.51999664,83.33999634,84.16999817,80.88871002,33054600
232,01-12-2017,83.59999847,84.80999756,83.22000122,84.26000214,80.9752121,29532100
233,04-12-2017,84.41999817,84.43000031,80.69999695,81.08000183,77.91919708,39094900
234,05-12-2017,81.33999634,82.68000031,80.98000336,81.58999634,78.40929413,26152300
235,06-12-2017,81.55000305,83.13999939,81.43000031,82.77999878,79.55290985,26162100
236,07-12-2017,82.54000092,82.80000305,82,82.48999786,79.27420807,23184500
237,08-12-2017,83.62999725,84.58000183,83.33000183,84.16000366,80.87911224,24489100
238,11-12-2017,84.29000092,85.37000275,84.12000275,85.23000336,81.90739441,22857900
239,12-12-2017,85.30999756,86.05000305,85.08000183,85.58000183,82.2437439,23924100
240,13-12-2017,85.73999786,86,85.16999817,85.34999847,82.02272034,22062700
241,14-12-2017,85.43000031,85.87000275,84.52999878,84.69000244,81.38843536,19306000
242,15-12-2017,85.26000214,87.08999634,84.87999725,86.84999847,83.46424103,53936700
243,18-12-2017,87.12000275,87.5,86.23000336,86.37999725,83.01256561,22283800
244,19-12-2017,86.34999847,86.34999847,85.26999664,85.83000183,82.48400879,23524800
245,20-12-2017,86.19999695,86.30000305,84.70999908,85.51999664,82.18610382,23674900
246,21-12-2017,86.05000305,86.09999847,85.40000153,85.5,82.16687775,17990700
247,22-12-2017,85.40000153,85.62999725,84.91999817,85.51000214,82.17647552,14145800
248,26-12-2017,85.30999756,85.52999878,85.02999878,85.40000153,82.07077026,9891200
249,27-12-2017,85.65000153,85.98000336,85.22000122,85.70999908,82.36867523,14678000
250,28-12-2017,85.90000153,85.93000031,85.55000305,85.72000122,82.37828827,10594300
251,29-12-2017,85.62999725,86.05000305,85.5,85.54000092,82.20532227,18717400
252,02-01-2018,86.12999725,86.30999756,85.5,85.94999695,82.59931946,22483800
253,03-01-2018,86.05999756,86.51000214,85.97000122,86.34999847,82.9837265,26061400
254,04-01-2018,86.58999634,87.66000366,86.56999969,87.11000061,83.71411896,21912000
255,05-01-2018,87.66000366,88.41000366,87.43000031,88.19000244,84.75201416,23407100
256,08-01-2018,88.19999695,88.58000183,87.59999847,88.27999878,84.83848572,22113000
257,09-01-2018,88.65000153,88.73000336,87.86000061,88.22000122,84.78083801,19484300
258,10-01-2018,87.86000061,88.19000244,87.41000366,87.81999969,84.3964386,18652200
259,11-01-2018,88.12999725,88.12999725,87.23999786,88.08000183,84.64628601,17808900
260,12-01-2018,88.66999817,89.77999878,88.44999695,89.59999847,86.10703278,24271500
261,16-01-2018,90.09999847,90.79000092,88.01000214,88.34999847,84.90576172,36599700
262,17-01-2018,89.08000183,90.27999878,88.75,90.13999939,86.62597656,25621200
263,18-01-2018,89.80000305,90.66999817,89.66000366,90.09999847,86.5875473,24159700
264,19-01-2018,90.13999939,90.61000061,89.66000366,90,86.49143982,36875000
265,22-01-2018,90,91.62000275,89.73999786,91.61000061,88.03866577,23601600
266,23-01-2018,91.90000153,92.30000305,91.54000092,91.90000153,88.31738281,23412800
267,24-01-2018,92.55000305,93.43000031,91.58000183,91.81999969,88.24047852,33277500
268,25-01-2018,92.47000122,93.23999786,91.93000031,92.33000183,88.73062134,26383200
269,26-01-2018,93.12000275,94.05999756,92.58000183,94.05999756,90.39317322,29172200
270,29-01-2018,95.13999939,95.44999695,93.72000122,93.91999817,90.25862122,31569900
271,30-01-2018,93.30000305,93.66000366,92.09999847,92.73999786,89.12462616,38635100
272,31-01-2018,93.75,95.40000153,93.51000214,95.01000214,91.30612946,48756300
273,01-02-2018,94.79000092,96.06999969,93.58000183,94.26000214,90.58537292,47227900
274,02-02-2018,93.63999939,93.97000122,91.5,91.77999878,88.20204163,47867800
275,05-02-2018,90.55999756,93.23999786,88,88,84.56941986,51031500
276,06-02-2018,86.88999939,91.48000336,85.25,91.33000183,87.76958466,67998600
277,07-02-2018,90.48999786,91.76999664,89.19999695,89.61000061,86.11664581,41107600
278,08-02-2018,89.70999908,89.87999725,84.76000214,85.01000214,81.69598389,55628700
279,09-02-2018,86.30000305,88.93000031,83.83000183,88.18000031,84.74239349,63499100
280,12-02-2018,88.73999786,89.77999878,87.93000031,89.12999725,85.6553421,35720300
281,13-02-2018,88.93000031,90,87.80000305,89.83000183,86.32807159,26407700
282,14-02-2018,88.51000214,90.98999786,88.41000366,90.80999756,87.67982483,34960900
283,15-02-2018,91.20999908,92.72000122,90.62000275,92.66000366,89.46604156,27823900
284,16-02-2018,92.44999695,93.5,91.80000305,92,88.82879639,30596900
285,20-02-2018,91.48000336,93.05999756,91.01000214,92.72000122,89.52397919,30911700
286,21-02-2018,92.98000336,93.36000061,91.48999786,91.48999786,88.33636475,26922500
287,22-02-2018,92.05000305,92.73000336,91.36000061,91.73000336,88.5681076,24392800
288,23-02-2018,93.59999847,94.06999969,92.36000061,94.05999756,90.81778717,26329200
289,26-02-2018,94.40000153,95.44999695,94.25,95.41999817,92.13089752,30199800
290,27-02-2018,95.73999786,95.83999634,94.19999695,94.19999695,90.95297241,25869100
291,28-02-2018,94.83999634,95.70999908,93.62999725,93.76999664,90.53778839,31167300
292,01-03-2018,93.98999786,94.56999969,91.83999634,92.84999847,89.64949799,37135600
293,02-03-2018,91.58000183,93.15000153,90.86000061,93.05000305,89.84260559,32830400
294,05-03-2018,92.33999634,94.26999664,92.26000214,93.63999939,90.41226959,23901600
295,06-03-2018,94.33999634,94.48999786,92.94000244,93.31999969,90.10329437,22175800
296,07-03-2018,93.16000366,93.94000244,92.43000031,93.86000061,90.62467957,26716100
297,08-03-2018,94.26999664,95.09999847,93.76999664,94.43000031,91.17503357,25887800
298,09-03-2018,95.29000092,96.54000092,95,96.54000092,93.21230316,36937300
299,12-03-2018,96.5,97.20999908,96.04000092,96.76999664,93.43436432,26073700
300,13-03-2018,97,97.23999786,93.97000122,94.41000366,91.1557312,35387800
301,14-03-2018,95.12000275,95.41000366,93.5,93.84999847,90.61502075,32132000
302,15-03-2018,93.52999878,94.58000183,92.83000183,94.18000031,90.93365479,27611000
303,16-03-2018,94.68000031,95.37999725,93.91999817,94.59999847,91.33917236,49081300
304,19-03-2018,93.73999786,93.90000153,92.11000061,92.88999939,89.68811035,33344100
305,20-03-2018,93.05000305,93.76999664,93,93.12999725,89.91983795,23075200
306,21-03-2018,92.93000031,94.05000305,92.20999908,92.48000336,89.29225159,24457100
307,22-03-2018,91.26999664,91.75,89.66000366,89.79000092,86.69496918,38604700
308,23-03-2018,89.5,90.45999908,87.08000183,87.18000031,84.17494965,44068900
309,26-03-2018,90.61000061,94,90.40000153,93.77999878,90.5474472,56396800
310,27-03-2018,94.94000244,95.13999939,88.51000214,89.47000122,86.38600159,56569000
311,28-03-2018,89.81999969,91.23000336,88.87000275,89.38999939,86.30875397,52501100
312,29-03-2018,90.18000031,92.29000092,88.40000153,91.26999664,88.12395477,45867500
313,02-04-2018,90.47000122,90.87999725,87.51000214,88.51999664,85.46875,48515400
314,03-04-2018,89.58000183,90.05000305,87.88999939,89.70999908,86.61772156,37213800
315,04-04-2018,87.84999847,92.76000214,87.73000336,92.33000183,89.14742279,35560000
316,05-04-2018,92.44000244,93.06999969,91.40000153,92.37999725,89.19568634,29771900
317,06-04-2018,91.48999786,92.45999908,89.48000336,90.23000336,87.11980438,38026000
318,09-04-2018,91.04000092,93.16999817,90.62000275,90.76999664,87.64118195,31533900
319,10-04-2018,92.38999939,93.27999878,91.63999939,92.87999725,89.67845917,26812000
320,11-04-2018,92.01000214,93.29000092,91.48000336,91.86000061,88.69361877,24872100
321,12-04-2018,92.43000031,94.16000366,92.43000031,93.58000183,90.35432434,26758900
322,13-04-2018,94.05000305,94.18000031,92.44000244,93.08000183,89.87155914,23346100
323,16-04-2018,94.06999969,94.66000366,93.41999817,94.16999817,90.92399597,20288100
324,17-04-2018,95,96.54000092,94.87999725,96.06999969,92.75848389,26771000
325,18-04-2018,96.22000122,96.72000122,95.51999664,96.44000244,93.11574554,21043300
326,19-04-2018,96.44000244,97.06999969,95.33999634,96.11000061,92.79711914,23552500
327,20-04-2018,95.91000366,96.11000061,94.05000305,95,91.72537994,31154400
328,23-04-2018,95.73999786,96.29000092,94.62999725,95.34999847,92.06330872,22331800
329,24-04-2018,96.23999786,96.47000122,92.41000366,93.12000275,89.91017914,34524800
330,25-04-2018,93.30000305,93.30000305,90.27999878,92.30999756,89.12810516,33729300
331,26-04-2018,93.55000305,95.15000153,93.09999847,94.26000214,91.01088715,42529000
332,27-04-2018,97.59999847,97.90000153,93.91000366,95.81999969,92.51712036,48272800
333,30-04-2018,96.33000183,96.40000153,93.15000153,93.51999664,90.29638672,41523600
334,01-05-2018,93.20999908,95.29000092,92.79000092,95,91.72537994,31408900
335,02-05-2018,94.98999786,95.16999817,93.19000244,93.51000214,90.28675079,27471000
336,03-05-2018,92.95999908,94.93000031,92.44999695,94.06999969,90.82743835,31142500
337,04-05-2018,93.31999969,95.37000275,92.91999817,95.16000366,91.87986755,22531300
338,07-05-2018,95.16999817,96.70999908,95.09999847,96.22000122,92.90332031,24242000
339,08-05-2018,95.84999847,96.16000366,95.05999756,95.80999756,92.50746155,23484600
340,09-05-2018,96.01000214,96.97000122,95.05000305,96.94000244,93.59850311,27327400
341,10-05-2018,97.45999908,97.94999695,97.05000305,97.91000366,94.5350647,22388100
342,11-05-2018,97.80000305,97.87000275,97.04000092,97.69999695,94.33230591,16778300
343,14-05-2018,97.91999817,98.69000244,97.30999756,98.02999878,94.65093994,19454100
344,15-05-2018,97.23999786,97.84999847,96.33999634,97.31999969,93.96542358,24594000
345,16-05-2018,97.36000061,97.40000153,96.62000275,97.15000153,94.20783234,17384700
346,17-05-2018,96.76000214,97.54000092,95.83000183,96.18000031,93.26722717,17246700
347,18-05-2018,96.01000214,96.93000031,96.01000214,96.36000061,93.44176483,17865800
348,21-05-2018,97,98.01000214,96.80000305,97.59999847,94.64422607,19422500
349,22-05-2018,97.68000031,98.16999817,97.19999695,97.5,94.54724884,15441200
350,23-05-2018,96.70999908,98.73000336,96.31999969,98.66000366,95.67211151,21251200
351,24-05-2018,98.73000336,98.94000244,96.80999756,98.30999756,95.33271027,26649300
352,25-05-2018,98.30000305,98.98000336,97.86000061,98.36000061,95.38119507,18363900
353,29-05-2018,97.83999634,98.87999725,97.23000336,98.01000214,95.04179382,28671000
354,30-05-2018,98.30999756,99.25,97.91000366,98.94999695,95.95331573,22158500
355,31-05-2018,99.29000092,99.98999786,98.61000061,98.83999634,95.8466568,34140900
356,01-06-2018,99.27999878,100.8600006,99.16999817,100.7900009,97.73760986,28655600
357,04-06-2018,101.2600021,101.8600006,100.8499985,101.6699982,98.59096527,27281600
358,05-06-2018,102,102.3300018,101.5299988,102.1900024,99.09520721,23514400
359,06-06-2018,102.4800034,102.5999985,101.9000015,102.4899979,99.38612366,21122900
360,07-06-2018,102.6500015,102.6900024,100.3799973,100.8799973,97.82488251,28232200
361,08-06-2018,101.0899963,101.9499969,100.5400009,101.6299973,98.55216217,22165100
362,11-06-2018,101.0100021,101.5899963,100.6699982,101.0500031,97.98973083,23490900
363,12-06-2018,101.0999985,101.4499969,100.75,101.3099976,98.24186707,18325200
364,13-06-2018,101.7200012,102.0100021,100.5599976,100.8499985,97.795784,29492900
365,14-06-2018,101.6500015,102.0299988,101,101.4199982,98.348526,25691800
366,15-06-2018,101.5100021,101.5299988,100.0699997,100.1299973,97.09759521,65738600
367,18-06-2018,100.0100021,101.1100006,99.41999817,100.8600006,97.80548859,23586000
368,19-06-2018,99.65000153,101,99.5,100.8600006,97.80548859,28653100
369,20-06-2018,101.3700027,102.5199966,101.1200027,101.8700027,98.78490448,26180800
370,21-06-2018,102.0800018,102.4599991,100.8799973,101.1399994,98.07701111,23198200
371,22-06-2018,100.4100037,100.7699966,99.62999725,100.4100037,97.36911774,38923100
372,25-06-2018,100,100.1100006,97.30000305,98.38999939,95.41030121,35433300
373,26-06-2018,98.81999969,100.0800018,98.75,99.08000183,96.07939911,26897200
374,27-06-2018,99.58000183,100.0199966,97.40000153,97.54000092,94.58603668,31298400
375,28-06-2018,97.37999725,99.11000061,97.26000214,98.62999725,95.64302063,26650700
376,29-06-2018,98.93000031,99.91000366,98.33000183,98.61000061,95.62362671,28053200
377,02-07-2018,98.09999847,100.0599976,98,100.0100021,96.98123932,19564500
378,03-07-2018,100.4800034,100.6299973,98.94000244,99.05000305,96.05030823,14670300
379,05-07-2018,99.5,99.91999817,99.02999878,99.76000214,96.73880768,18977400
380,06-07-2018,99.88999939,101.4300003,99.66999817,101.1600037,98.09641266,19234600
381,09-07-2018,101.6500015,102.25,101.25,101.8499985,98.76550293,18212000
382,10-07-2018,102,102.5100021,101.8600006,102.1200027,99.02732086,19293100
383,11-07-2018,101.1500015,102.3399963,101.0999985,101.9800034,98.89157104,19644600
384,12-07-2018,102.7699966,104.4100037,102.7300034,104.1900024,101.0346451,24335900
385,13-07-2018,104.3700027,105.5999985,104.0899963,105.4300003,102.2370911,24635200
386,16-07-2018,105.4000015,105.8199997,104.5199966,104.9100037,101.7328262,21786900
387,17-07-2018,104.6100006,106.5,104.3199997,105.9499969,102.7413483,25901700
388,18-07-2018,105.9400024,106.0500031,104.7200012,105.1200027,101.93647,29493900
389,19-07-2018,104.9300003,105.3099976,103.8899994,104.4000015,101.2382889,40171600
390,20-07-2018,108.0800018,108.1999969,106.0800018,106.2699966,103.0516357,56004000
391,23-07-2018,106.3000031,108.1399994,106.1299973,107.9700012,104.7001801,29707000
392,24-07-2018,108.5699997,108.8199997,107.2600021,107.6600037,104.3995438,26316600
393,25-07-2018,107.9599991,111.1500015,107.5999985,110.8300018,107.4735489,30702100
394,26-07-2018,110.7399979,111,109.5,109.6200027,106.3001938,31372100
395,27-07-2018,110.1800003,110.1800003,106.1399994,107.6800003,104.4189453,37005300
396,30-07-2018,107.1900024,107.5299988,104.7600021,105.3700027,102.1789093,34668300
397,31-07-2018,106.4899979,106.7200012,105.3799973,106.0800018,102.8674088,27655200
398,01-08-2018,106.0299988,106.4499969,105.4199982,106.2799988,103.061348,23628700
399,02-08-2018,105.4000015,108.0899963,104.8399963,107.5699997,104.3122787,26104300
400,03-08-2018,107.8000031,108.0500031,106.8199997,108.0400009,104.7680511,18659600
401,06-08-2018,108.1200027,108.4199982,107.5599976,108.1299973,104.8553162,20265900
402,07-08-2018,108.5599976,109.0999985,108.1699982,108.8799973,105.5825958,16080200
403,08-08-2018,109.3300018,109.75,108.7600021,109.4899979,106.1741257,15487500
404,09-08-2018,109.7099991,110.1600037,109.5999985,109.6699982,106.3486786,13677200
405,10-08-2018,109.4199982,109.6900024,108.3799973,109,105.6989746,18183700
406,13-08-2018,109.2399979,109.5800018,108.0999985,108.2099991,104.9328995,18472500
407,14-08-2018,108.5599976,109.75,108.0400009,109.5599976,106.242012,16788300
408,15-08-2018,108.4899979,108.9899979,106.8199997,107.6600037,104.8013153,29982800
409,16-08-2018,108.3000031,108.8600006,107.3000031,107.6399994,104.7818451,21384300
410,17-08-2018,107.3600006,107.9000015,106.6900024,107.5800018,104.7234344,18061500
411,20-08-2018,107.5100021,107.9000015,106.4800034,106.8700027,104.0323029,17914200
412,21-08-2018,106.9199982,107.3499985,105.8499985,105.9800034,103.1659317,22881900
413,22-08-2018,105.8499985,107.3399963,105.7799988,107.0599976,104.2172394,18000600
414,23-08-2018,107.1500015,108.1800003,106.8700027,107.5599976,104.7039642,18167700
415,24-08-2018,107.6699982,108.5599976,107.5599976,108.4000015,105.5216675,17234000
416,27-08-2018,109.2699966,109.6399994,108.5100021,109.5999985,106.6897888,19662300
417,28-08-2018,109.9400024,110.5,109.7900009,110.2600021,107.3322906,19151500
418,29-08-2018,110.4499969,112.0299988,110.2699966,112.0199966,109.0455399,20818000
419,30-08-2018,111.6699982,112.6100006,111.4400024,111.9499969,108.9774017,22798700
420,31-08-2018,111.6900024,112.7799988,111.5199966,112.3300018,109.3473129,23222700
421,04-09-2018,110.8499985,111.9599991,110.2200012,111.7099991,108.7437744,22634600
422,05-09-2018,111.0100021,111.4199982,108.0999985,108.4899979,105.6092682,32872400
423,06-09-2018,108.25,108.9899979,107.5100021,108.7399979,105.852623,23477600
424,07-09-2018,108.2300034,108.7200012,107.2300034,108.2099991,105.3367081,22498600
425,10-09-2018,108.8399963,109.6399994,108.3600006,109.3799973,106.4756393,20727900
426,11-09-2018,108.9000015,111.5899963,108.8899994,111.2399979,108.2862396,24301800
427,12-09-2018,111.4300003,111.8499985,110.5100021,111.7099991,108.7437744,18891100
428,13-09-2018,112.1200027,113.7300034,112.1200027,112.9100037,109.9119034,26055600
429,14-09-2018,113.3600006,113.7300034,112.4400024,113.3700027,110.3596954,19122300
430,17-09-2018,113.6900024,113.6999969,111.8600006,112.1399994,109.1623611,20736500
431,18-09-2018,112.1900024,113.6999969,111.7200012,113.2099991,110.2039337,22170900
432,19-09-2018,113.0500031,113.3199997,111.0400009,111.6999969,108.734024,21728400
433,20-09-2018,112.2799988,113.8000031,111.9300003,113.5699997,110.5543823,23714500
434,21-09-2018,114,115.2900009,113.5100021,114.2600021,111.2260742,71229700
435,24-09-2018,113.0299988,114.9000015,112.2200012,114.6699982,111.6251755,27334500
436,25-09-2018,114.8000031,115.0999985,113.75,114.4499969,111.4110107,22668000
437,26-09-2018,114.4700012,115.0599976,113.7399979,113.9800034,110.9535141,19352000
438,27-09-2018,114.7799988,114.9100037,114.1999969,114.4100037,111.3720779,19091300
439,28-09-2018,114.1900024,114.5699997,113.6800003,114.3700027,111.3331299,21647800
440,01-10-2018,114.75,115.6800003,114.7300034,115.6100006,112.5402298,18883100
441,02-10-2018,115.3000031,115.8399963,114.4400024,115.1500015,112.0924301,20787200
442,03-10-2018,115.4199982,116.1800003,114.9300003,115.1699982,112.1119003,16648000
443,04-10-2018,114.6100006,114.7600021,111.6299973,112.7900009,109.7950974,34821700
444,05-10-2018,112.6299973,113.1699982,110.6399994,112.1299973,109.1526184,29068900
445,08-10-2018,111.6600037,112.0299988,109.3399963,110.8499985,107.9066086,29640600
446,09-10-2018,111.1399994,113.0800018,110.8000031,112.2600021,109.2791748,26198600
447,10-10-2018,111.2399979,111.5,105.7900009,106.1600037,103.3411484,61376300
448,11-10-2018,105.3499985,108.9300003,104.1999969,105.9100037,103.0977783,63904300
449,12-10-2018,109.0100021,111.2399979,107.1200027,109.5699997,106.6605835,47742100
450,15-10-2018,108.9100037,109.4800034,106.9499969,107.5999985,104.742897,32068100
451,16-10-2018,109.5400009,111.4100037,108.9499969,111,108.0526276,31610200
452,17-10-2018,111.6800003,111.8099976,109.5500031,110.7099991,107.7703171,26548200
453,18-10-2018,110.0999985,110.5299988,107.8300018,108.5,105.6190109,32506200
454,19-10-2018,108.9300003,110.8600006,108.2099991,108.6600037,105.774765,32785500
455,22-10-2018,109.3199997,110.5400009,108.2399979,109.6299973,106.7189941,26545600
456,23-10-2018,107.7699966,108.9700012,105.1100006,108.0999985,105.2296219,43770400
457,24-10-2018,108.4100037,108.4899979,101.5899963,102.3199997,99.60311127,63897800
458,25-10-2018,106.5500031,109.2699966,106.1500015,108.3000031,105.424324,61646800
459,26-10-2018,105.6900024,108.75,104.7600021,106.9599991,104.1199036,55523100
460,29-10-2018,108.1100006,108.6999969,101.6299973,103.8499985,101.0924759,55162000
461,30-10-2018,103.6600037,104.3799973,100.1100006,103.7300034,100.9756622,65350900
462,31-10-2018,105.4400024,108.1399994,105.3899994,106.8099976,103.973877,51062400
463,01-11-2018,107.0500031,107.3199997,105.5299988,105.9199982,103.1074982,33384200
464,02-11-2018,106.4800034,107.3199997,104.9800034,106.1600037,103.3411484,37680200
465,05-11-2018,106.3700027,107.7399979,105.9000015,107.5100021,104.6552963,27922100
466,06-11-2018,107.3799973,108.8399963,106.2799988,107.7200012,104.8597183,24340200
467,07-11-2018,109.4400024,112.2399979,109.4000015,111.9599991,108.9871292,37901700
468,08-11-2018,111.8000031,112.2099991,110.9100037,111.75,108.7827072,25644100
469,09-11-2018,110.8499985,111.4499969,108.7600021,109.5699997,106.6605835,32039200
470,12-11-2018,109.4199982,109.9599991,106.0999985,106.8700027,104.0323029,33621800
471,13-11-2018,107.5500031,108.7399979,106.6399994,106.9400024,104.1004333,35374600
472,14-11-2018,108.0999985,108.2600021,104.4700012,104.9700012,102.624176,39495100
473,15-11-2018,104.9899979,107.8000031,103.9100037,107.2799988,104.8825531,38505200
474,16-11-2018,107.0800018,108.8799973,106.8000031,108.2900009,105.8699875,33502100
475,19-11-2018,108.2699966,108.5599976,103.5500031,104.6200027,102.2820053,44773900
476,20-11-2018,101.8000031,102.9700012,99.34999847,101.7099991,99.43703461,64052500
477,21-11-2018,103.5999985,104.4300003,102.2399979,103.1100006,100.8057404,28130600
478,23-11-2018,102.1699982,103.8099976,102,103.0699997,100.7666397,13823100
479,26-11-2018,104.7900009,106.6299973,104.5800018,106.4700012,104.0906601,32336200
480,27-11-2018,106.2699966,107.3300018,105.3600006,107.1399994,104.7456818,29124500
481,28-11-2018,107.8899994,111.3300018,107.8600006,111.1200027,108.6367493,46788500
482,29-11-2018,110.3300018,111.1200027,109.0299988,110.1900024,107.7275314,28123200
483,30-11-2018,110.6999969,110.9700012,109.3600006,110.8899994,108.4118805,33665600
484,03-12-2018,113,113.4199982,110.7300034,112.0899963,109.5850601,34732800
485,04-12-2018,111.9400024,112.6399994,108.2099991,108.5199966,106.0948334,45197000
486,06-12-2018,105.8199997,109.2399979,105,109.1900024,106.7498779,49107400
487,07-12-2018,108.3799973,109.4499969,104.3000031,104.8199997,102.4775314,45044900
488,10-12-2018,104.8000031,107.9800034,103.8899994,107.5899963,105.1856079,40801500
489,11-12-2018,109.8000031,110.9499969,107.4400024,108.5899963,106.163269,42381900
490,12-12-2018,110.8899994,111.2699966,109.0400009,109.0800018,106.6423264,36183000
491,13-12-2018,109.5800018,110.8700027,108.6299973,109.4499969,107.0040512,31333400
492,14-12-2018,108.25,109.2600021,105.5,106.0299988,103.6604843,47043100
493,17-12-2018,105.4100037,105.8000031,101.7099991,102.8899994,100.5906601,56957300
494,18-12-2018,103.75,104.5100021,102.5199966,103.9700012,101.6465225,49319200
495,19-12-2018,103.6500015,106.8799973,101.3499985,103.6900024,101.3727875,68198200
496,20-12-2018,103.0500031,104.3099976,98.77999878,101.5100021,99.24150085,70334200
497,21-12-2018,101.6299973,103,97.45999908,98.23000336,96.03479004,111242100
498,24-12-2018,97.68000031,97.97000122,93.98000336,94.12999725,92.02642059,43935200
499,26-12-2018,95.13999939,100.6900024,93.95999908,100.5599976,98.31272888,51634800
500,27-12-2018,99.30000305,101.1900024,96.40000153,101.1800003,98.91888428,49498500
501,28-12-2018,102.0899963,102.4100037,99.51999664,100.3899994,98.14653015,38196300
502,31-12-2018,101.2900009,102.4000015,100.4400024,101.5699997,99.30015564,33173800
503,02-01-2019,99.55000305,101.75,98.94000244,101.1200027,98.86021423,35329300
504,03-01-2019,100.0999985,100.1900024,97.19999695,97.40000153,95.22335052,42579100
505,04-01-2019,99.72000122,102.5100021,98.93000031,101.9300003,99.65211487,44060600
506,07-01-2019,101.6399994,103.2699966,100.9800034,102.0599976,99.77920532,35656100
507,08-01-2019,103.0400009,103.9700012,101.7099991,102.8000031,100.5026703,31514400
508,09-01-2019,103.8600006,104.8799973,103.2399979,104.2699966,101.9398117,32280800
509,10-01-2019,103.2200012,103.75,102.3799973,103.5999985,101.2847977,30067600
510,11-01-2019,103.1900024,103.4400024,101.6399994,102.8000031,100.5026703,28314200
511,14-01-2019,101.9000015,102.8700027,101.2600021,102.0500031,99.76943207,28437100
512,15-01-2019,102.5100021,105.0500031,101.8799973,105.0100021,102.6632919,31587600
513,16-01-2019,105.2600021,106.2600021,104.9599991,105.3799973,103.0250092,29853900
514,17-01-2019,105,106.6299973,104.7600021,106.1200027,103.7484741,28393000
515,18-01-2019,107.4599991,107.9000015,105.9100037,107.7099991,105.3029404,37427600
516,22-01-2019,106.75,107.0999985,104.8600006,105.6800003,103.318306,32371300
517,23-01-2019,106.1200027,107.0400009,105.3399963,106.7099991,104.3252792,25874300
518,24-01-2019,106.8600006,107,105.3399963,106.1999969,103.826683,23164800
519,25-01-2019,107.2399979,107.8799973,106.1999969,107.1699982,104.7750092,31225600
520,28-01-2019,106.2600021,106.4800034,104.6600037,105.0800018,102.73172,29476700
521,29-01-2019,104.8799973,104.9700012,102.1699982,102.9400024,100.6395493,31490500
522,30-01-2019,104.6200027,106.3799973,104.3300018,106.3799973,104.0026703,49471900
523,31-01-2019,103.8000031,105.2200012,103.1800003,104.4300003,102.0962448,55636400
524,01-02-2019,103.7799988,104.0999985,102.3499985,102.7799988,100.4831161,35535700
525,04-02-2019,102.8700027,105.8000031,102.7699966,105.7399979,103.3769684,31315100
526,05-02-2019,106.0599976,107.2699966,105.9599991,107.2200012,104.8238907,27325400
527,06-02-2019,107,107,105.5299988,106.0299988,103.6604843,20609800
528,07-02-2019,105.1900024,105.5899963,104.2900009,105.2699966,102.9174728,29760700
529,08-02-2019,104.3899994,105.7799988,104.2600021,105.6699982,103.3085327,21461100
530,11-02-2019,106.1999969,106.5800018,104.9700012,105.25,102.8979111,18914100
531,12-02-2019,106.1399994,107.1399994,105.4800034,106.8899994,104.5012741,25056600
532,13-02-2019,107.5,107.7799988,106.7099991,106.8099976,104.4230499,18394900
533,14-02-2019,106.3099976,107.2900009,105.6600037,106.9000015,104.5110397,21784700
534,15-02-2019,107.9100037,108.3000031,107.3600006,108.2200012,105.8015442,26606900
535,19-02-2019,107.7900009,108.6600037,107.7799988,108.1699982,105.7526627,18038500
536,20-02-2019,107.8600006,107.9400024,106.2900009,107.1500015,105.2028427,21607700
537,21-02-2019,106.9000015,109.4800034,106.8700027,109.4100037,107.4217758,29063200
538,22-02-2019,110.0500031,111.1999969,109.8199997,110.9700012,108.9534149,27763200
539,25-02-2019,111.7600021,112.1800003,111.2600021,111.5899963,109.5621567,23750600
540,26-02-2019,111.2600021,113.2399979,111.1699982,112.3600006,110.318161,21536700
541,27-02-2019,111.6900024,112.3600006,110.8799973,112.1699982,110.1316071,21487100
542,28-02-2019,112.0400009,112.8799973,111.7300034,112.0299988,109.9941559,29083900
543,01-03-2019,112.8899994,113.0199966,111.6699982,112.5299988,110.4850769,23501200
544,04-03-2019,113.0199966,113.25,110.8000031,112.2600021,110.2199707,26608000
545,05-03-2019,112.25,112.3899994,111.2300034,111.6999969,109.6701431,19538300
546,06-03-2019,111.8700027,112.6600037,111.4300003,111.75,109.7192459,17687000
547,07-03-2019,111.4000015,111.5500031,109.8700027,110.3899994,108.3839569,25339000
548,08-03-2019,109.1600037,110.7099991,108.8000031,110.5100021,108.5017776,22818400
549,11-03-2019,110.9899979,112.9499969,110.9800034,112.8300018,110.7796249,26491600
550,12-03-2019,112.8199997,113.9899979,112.6500015,113.6200027,111.5552673,26132700
551,13-03-2019,114.1299973,115,113.7799988,114.5,112.4192657,35513800
552,14-03-2019,114.5400009,115.1999969,114.3300018,114.5899963,112.507637,30763400
553,15-03-2019,115.3399963,117.25,114.5899963,115.9100037,113.8036575,54681100
554,18-03-2019,116.1699982,117.6100006,116.0500031,117.5699997,115.4334717,31207600
555,19-03-2019,118.0899963,118.4400024,116.9899979,117.6500015,115.5120316,37588700
556,20-03-2019,117.3899994,118.75,116.7099991,117.5199966,115.3843918,28113300
557,21-03-2019,117.1399994,120.8199997,117.0899963,120.2200012,118.0353394,29854400
558,22-03-2019,119.5,119.5899963,117.0400009,117.0500031,114.9229355,33624500
559,25-03-2019,116.5599976,118.0100021,116.3199997,117.6600037,115.5218582,27067100
560,26-03-2019,118.6200027,118.7099991,116.8499985,117.9100037,115.7673035,26097700
561,27-03-2019,117.8799973,118.2099991,115.5199966,116.7699966,114.6480103,22733400
562,28-03-2019,117.4400024,117.5800018,116.1299973,116.9300003,114.8051071,18334800
563,29-03-2019,118.0699997,118.3199997,116.9599991,117.9400024,115.7967682,25399800
564,01-04-2019,118.9499969,119.1100006,118.0999985,119.0199966,116.857132,22789100
565,02-04-2019,119.0599976,119.4800034,118.5199966,119.1900024,117.0240402,18142300
566,03-04-2019,119.8600006,120.4300003,119.1500015,119.9700012,117.7898788,22860700
567,04-04-2019,120.0999985,120.2300034,118.3799973,119.3600006,117.1909637,20112800
568,05-04-2019,119.3899994,120.2300034,119.3700027,119.8899994,117.7113266,15826200
569,08-04-2019,119.8099976,120.0199966,118.6399994,119.9300003,117.7505951,15116200
570,09-04-2019,118.6299973,119.5400009,118.5800018,119.2799988,117.1123962,17612000
571,10-04-2019,119.7600021,120.3499985,119.5400009,120.1900024,118.0058746,16477200
572,11-04-2019,120.5400009,120.8499985,119.9199982,120.3300018,118.1433258,14209100
573,12-04-2019,120.6399994,120.9800034,120.3700027,120.9499969,118.7520599,19745100
574,15-04-2019,120.9400024,121.5800018,120.5699997,121.0500031,118.8502426,15792600
575,16-04-2019,121.6399994,121.6500015,120.0999985,120.7699966,118.575325,14071800
576,17-04-2019,121.2399979,121.8499985,120.5400009,121.7699966,119.5571594,19300900
577,18-04-2019,122.1900024,123.5199966,121.3000031,123.3700027,121.1280823,27991000
578,22-04-2019,122.6200027,124,122.5699997,123.7600021,121.510994,15648700
579,23-04-2019,124.0999985,125.5800018,123.8300018,125.4400024,123.1604691,24025500
580,24-04-2019,125.7900009,125.8499985,124.5199966,125.0100021,122.7382813,31257000
581,25-04-2019,130.0599976,131.3699951,128.8300018,129.1499939,126.8030548,38033900
582,26-04-2019,129.6999969,130.5200043,129.0200043,129.8899994,127.5295944,23654900
583,29-04-2019,129.8999939,130.1799927,129.3500061,129.7700043,127.4117813,16324200
584,30-04-2019,129.8099976,130.6999969,129.3899994,130.6000061,128.2266998,24166500
585,01-05-2019,130.5299988,130.6499939,127.6999969,127.8799973,125.5561218,26821700
586,02-05-2019,127.9800034,128,125.5199966,126.2099991,123.9164734,27350200
587,03-05-2019,127.3600006,129.4299927,127.25,128.8999939,126.5575943,24911100
588,06-05-2019,126.3899994,128.5599976,126.1100006,128.1499939,125.8212051,24239800
589,07-05-2019,126.4599991,127.1800003,124.2200012,125.5199966,123.239006,36017700
590,08-05-2019,125.4400024,126.3700027,124.75,125.5100021,123.2292023,28419000
591,09-05-2019,124.2900009,125.7900009,123.5699997,125.5,123.2193756,27235800
592,10-05-2019,124.9100037,127.9300003,123.8199997,127.1299973,124.8197556,30915100
593,13-05-2019,124.1100006,125.5500031,123.0400009,123.3499985,121.1084442,33944900
594,14-05-2019,123.8700027,125.8799973,123.6999969,124.7300034,122.4633713,25266300
595,15-05-2019,124.2600021,126.7099991,123.6999969,126.0199966,124.1879272,24722700
596,16-05-2019,126.75,129.3800049,126.4599991,128.9299927,127.0556183,30112200
597,17-05-2019,128.3099976,130.4600067,127.9199982,128.0700073,126.2081375,25770500
598,20-05-2019,126.5199966,127.5899963,125.7600021,126.2200012,124.3850327,23706900
599,21-05-2019,127.4300003,127.5299988,126.5800018,126.9000015,125.0551453,15293300
600,22-05-2019,126.6200027,128.2400055,126.5199966,127.6699982,125.813942,15396500
601,23-05-2019,126.1999969,126.2900009,124.7399979,126.1800003,124.3456116,23603800
602,24-05-2019,126.9100037,127.4199982,125.9700012,126.2399979,124.4047241,14123400
603,28-05-2019,126.9800034,128,126.0500031,126.1600037,124.3259048,23128400
604,29-05-2019,125.3799973,125.3899994,124.0400009,124.9400024,123.1236343,22763100
605,30-05-2019,125.2600021,125.7600021,124.7799988,125.7300034,123.9021454,16829600
606,31-05-2019,124.2300034,124.6200027,123.3199997,123.6800003,121.8819504,26646800
607,03-06-2019,123.8499985,124.3700027,119.0100021,119.8399963,118.0977707,37983600
608,04-06-2019,121.2799988,123.2799988,120.6500015,123.1600037,121.3695145,29382600
609,05-06-2019,124.9499969,125.8700027,124.2099991,125.8300018,124.0006943,24926100
610,06-06-2019,126.4400024,127.9700012,125.5999985,127.8199997,125.9617615,21459000
611,07-06-2019,129.1900024,132.25,128.2599945,131.3999939,129.4897003,33885600
612,10-06-2019,132.3999939,134.0800018,132,132.6000061,130.672287,26477100
613,11-06-2019,133.8800049,134.2400055,131.2799988,132.1000061,130.1795502,23913700
614,12-06-2019,131.3999939,131.9700012,130.7100067,131.4900055,129.5784149,17084700
615,13-06-2019,131.9799957,133,131.5599976,132.3200073,130.3963318,17200800
616,14-06-2019,132.2599945,133.7899933,131.6399994,132.4499969,130.5244598,17821700
617,17-06-2019,132.6300049,133.7299957,132.5299988,132.8500061,130.9186554,14517800
618,18-06-2019,134.1900024,135.2400055,133.5700073,135.1600037,133.1950531,25934500
619,19-06-2019,135,135.9299927,133.8099976,135.6900024,133.7173615,23744400
620,20-06-2019,137.4499969,137.6600037,135.7200012,136.9499969,134.9590149,33042600
621,21-06-2019,136.5800018,137.7299957,136.4600067,136.9700012,134.9787598,36727900
622,24-06-2019,137,138.3999939,137,137.7799988,135.7769623,20628800
623,25-06-2019,137.25,137.5899963,132.7299957,133.4299927,131.4901886,33327400
624,26-06-2019,134.3500061,135.7400055,133.6000061,133.9299927,131.9829254,23657700
625,27-06-2019,134.1399994,134.7100067,133.5099945,134.1499939,132.1997223,16557500
626,28-06-2019,134.5700073,134.6000061,133.1600037,133.9600067,132.0124969,30043000
627,01-07-2019,136.6300049,136.6999969,134.9700012,135.6799927,133.707489,22654200
628,02-07-2019,136.1199951,136.5899963,135.3399963,136.5800018,134.5943909,15237800
629,03-07-2019,136.8000031,137.7400055,136.2899933,137.4600067,135.4616089,13629300
630,05-07-2019,135.9400024,137.3300018,135.7200012,137.0599976,135.0674286,18141100
631,08-07-2019,136.3999939,137.1000061,135.3699951,136.9600067,134.9688873,16779700
632,09-07-2019,136,136.9700012,135.8000031,136.4600067,134.4761658,19953100
633,10-07-2019,137.1300049,138.5800018,137.0200043,137.8500061,135.8459625,24204400
634,11-07-2019,138.1999969,139.2200012,137.8699951,138.3999939,136.3879395,22327900
635,12-07-2019,138.8500061,139.1300049,138.0099945,138.8999939,136.8806763,18936800
636,15-07-2019,139.4400024,139.5399933,138.4600067,138.8999939,136.8806763,16651500
637,16-07-2019,138.9600067,139.0500031,136.5200043,137.0800018,135.0871277,22726100
638,17-07-2019,137.6999969,137.9299927,136.2200012,136.2700043,134.2889252,20211000
639,18-07-2019,135.5500031,136.6199951,134.6699982,136.4199982,134.4367371,30808700
640,19-07-2019,140.2200012,140.6699982,136.4499969,136.6199951,134.6338196,48992400
641,22-07-2019,137.4100037,139.1900024,137.3300018,138.4299927,136.417511,25074900
642,23-07-2019,139.7599945,139.9900055,138.0299988,139.2899933,137.2649994,18034600
643,24-07-2019,138.8999939,140.7400055,138.8500061,140.7200012,138.6742249,20738300
644,25-07-2019,140.4299927,140.6100006,139.3200073,140.1900024,138.1519318,18356900
645,26-07-2019,140.3699951,141.6799927,140.3000031,141.3399963,139.285202,19037600
646,29-07-2019,141.5,141.5099945,139.3699951,141.0299988,138.9797211,16605900
647,30-07-2019,140.1399994,141.2200012,139.8000031,140.3500061,138.3096008,16846500
648,31-07-2019,140.3300018,140.4900055,135.0800018,136.2700043,134.2889252,38598800
649,01-08-2019,137,140.9400024,136.9299927,138.0599976,136.0528717,40557500
650,02-08-2019,138.0899963,138.3200073,135.2599945,136.8999939,134.909729,30791600
651,05-08-2019,133.3000031,133.9299927,130.7799988,132.2100067,130.2879486,42749600
652,06-08-2019,133.8000031,135.6799927,133.2100067,134.6900024,132.7318878,32696700
653,07-08-2019,133.7899933,135.6499939,131.8300018,135.2799988,133.3132782,33414500
654,08-08-2019,136.6000061,138.9900055,135.9299927,138.8899994,136.8708344,27496500
655,09-08-2019,138.6100006,139.3800049,136.4600067,137.7100067,135.7079926,23466700
656,12-08-2019,137.0700073,137.8600006,135.2400055,135.7899933,133.8158875,20476600
657,13-08-2019,136.0500031,138.8000031,135,138.6000061,136.5850525,25154600
658,14-08-2019,136.3600006,136.9199982,133.6699982,133.9799957,132.4718628,32527300
659,15-08-2019,134.3899994,134.5800018,132.25,133.6799927,132.1752472,28074400
660,16-08-2019,134.8800049,136.4600067,134.7200012,136.1300049,134.5976868,24449100
661,19-08-2019,137.8500061,138.5500031,136.8899994,138.4100037,136.8520203,24355700
662,20-08-2019,138.2100067,138.7100067,137.2400055,137.2599945,135.7149506,21170800
663,21-08-2019,138.5500031,139.4900055,138,138.7899933,137.2277069,14970300
664,22-08-2019,138.6600037,139.1999969,136.2899933,137.7799988,136.2290802,18697000
665,23-08-2019,137.1900024,138.3500061,132.8000031,133.3899994,131.888504,38508600
666,26-08-2019,134.9900055,135.5599976,133.8999939,135.4499969,133.9253235,20312600
667,27-08-2019,136.3899994,136.7200012,134.6600037,135.7400055,134.2120514,23102100
668,28-08-2019,134.8800049,135.7599945,133.5500031,135.5599976,134.0340729,17393300
669,29-08-2019,137.25,138.4400024,136.9100037,138.1199951,136.5652618,20168700
670,30-08-2019,139.1499939,139.1799927,136.2700043,137.8600006,136.3082123,23940100
671,03-09-2019,136.6100006,137.1999969,135.6999969,136.0399933,134.5086823,18869300
672,04-09-2019,137.3000031,137.6900024,136.4799957,137.6300049,136.0807953,17995900
673,05-09-2019,139.1100006,140.3800049,138.7599945,140.0500031,138.4735413,26101800
674,06-09-2019,140.0299988,140.1799927,138.1999969,139.1000061,137.5342407,20824500
675,09-09-2019,139.5899963,139.75,136.4600067,137.5200043,135.9720306,25773900
676,10-09-2019,136.8000031,136.8899994,134.5099945,136.0800018,134.5482483,28903400
677,11-09-2019,135.9100037,136.2700043,135.0899963,136.1199951,134.5877533,24726100
678,12-09-2019,137.8500061,138.4199982,136.8699951,137.5200043,135.9720306,27010000
679,13-09-2019,137.7799988,138.0599976,136.5700073,137.3200073,135.7742615,23363100
680,16-09-2019,135.8300018,136.6999969,135.6600037,136.3300018,134.7954254,16731400
681,17-09-2019,136.9600067,137.5200043,136.4299927,137.3899994,135.8435059,17814200
682,18-09-2019,137.3600006,138.6699982,136.5299988,138.5200043,136.9607697,23982100
683,19-09-2019,140.3000031,142.3699951,140.0700073,141.0700073,139.4820709,35772100
684,20-09-2019,141.0099945,141.6499939,138.25,139.4400024,137.8704071,39167300
685,23-09-2019,139.2299957,139.6300049,138.4400024,139.1399994,137.5737762,17139300
686,24-09-2019,140.3600006,140.6900024,136.8800049,137.3800049,135.8336029,29773200
687,25-09-2019,137.5,139.9600067,136.0299988,139.3600006,137.7913055,21382000
688,26-09-2019,139.4400024,140.1799927,138.4400024,139.5399933,137.9692841,17456600
689,27-09-2019,140.1499939,140.3600006,136.6499939,137.7299957,136.1796417,22477700
690,30-09-2019,138.0500031,139.2200012,137.7799988,139.0299988,137.4650269,17280900
691,01-10-2019,139.6600037,140.25,137,137.0700073,135.5270996,21466600
692,02-10-2019,136.25,136.3699951,133.5800018,134.6499939,133.1343231,30521700
693,03-10-2019,134.9499969,136.75,133.2200012,136.2799988,134.7459717,24132900
694,04-10-2019,136.75,138.25,136.4199982,138.1199951,136.5652618,22897700
695,07-10-2019,137.1399994,138.1799927,137.0200043,137.1199951,135.5765228,15303700
696,08-10-2019,137.0800018,137.7599945,135.6199951,135.6699982,134.1428528,25550500
697,09-10-2019,137.4600067,138.6999969,136.9700012,138.2400055,136.6839142,19749900
698,10-10-2019,138.4900055,139.6699982,138.25,139.1000061,137.5342407,17654600
699,11-10-2019,140.1199951,141.0299988,139.5,139.6799927,138.1076965,25446000
700,14-10-2019,139.6900024,140.2899933,139.5200043,139.5500031,137.9791718,13304300
701,15-10-2019,140.0599976,141.7899933,139.8099976,141.5700073,139.9764404,19695700
702,16-10-2019,140.7899933,140.9900055,139.5299988,140.4100037,138.829483,20751600
703,17-10-2019,140.9499969,141.4199982,139.0200043,139.6900024,138.1175842,21460600
704,18-10-2019,139.7599945,140,136.5599976,137.4100037,135.8632507,32273500
705,21-10-2019,138.4499969,138.5,137.0099945,138.4299927,136.8717651,20078200
706,22-10-2019,138.9700012,140.0099945,136.2599945,136.3699951,134.8349609,27431000
707,23-10-2019,136.8800049,137.4499969,135.6100006,137.2400055,135.6951904,29844600
708,24-10-2019,139.3899994,140.4199982,138.6699982,139.9400024,138.3647919,37029300
709,25-10-2019,139.3399963,141.1399994,139.1999969,140.7299957,139.145874,25959700
710,28-10-2019,144.3999939,145.6699982,143.5099945,144.1900024,142.5669403,35280100
711,29-10-2019,144.0800018,144.5,142.6499939,142.8300018,141.2222443,20589500
712,30-10-2019,143.5200043,145,142.7899933,144.6100006,142.9822235,18496600
713,31-10-2019,144.8999939,144.9299927,142.9900055,143.3699951,141.7561646,24605100
714,01-11-2019,144.2599945,144.4199982,142.9700012,143.7200012,142.1022339,33128400
715,04-11-2019,144.8300018,145,144.1600037,144.5500031,142.9228973,16912000
716,05-11-2019,144.9700012,145.0200043,143.9100037,144.4600067,142.8339233,18250200
717,06-11-2019,144.3699951,144.5200043,143.1999969,144.0599976,142.4384003,16575800
718,07-11-2019,143.8399963,144.8800049,143.7700043,144.2599945,142.6361389,17786700
719,08-11-2019,143.9799957,145.9900055,143.7599945,145.9600067,144.3170166,16732700
720,11-11-2019,145.3399963,146.4199982,144.7299957,146.1100006,144.465332,14362600
721,12-11-2019,146.2799988,147.5700073,146.0599976,147.0700073,145.4145203,18641600
722,13-11-2019,146.7400055,147.4600067,146.2799988,147.3099976,145.651825,16919200
723,14-11-2019,147.0200043,148.4100037,147,148.0599976,146.3933716,19729800
724,15-11-2019,148.9299927,149.9900055,148.2700043,149.9700012,148.2818909,23485700
725,18-11-2019,150.0700073,150.5500031,148.9799957,150.3399963,148.6477203,21534000
726,19-11-2019,150.8800049,151.3300018,150.1999969,150.3899994,148.6971436,23935700
727,20-11-2019,150.3099976,150.8399963,148.4600067,149.6199951,148.4391937,25696800
728,21-11-2019,149.3999939,149.8000031,148.5,149.4799957,148.300293,18576100
729,22-11-2019,150.0700073,150.3000031,148.8200073,149.5899963,148.4094391,15901800
730,25-11-2019,150,151.3500061,149.9199982,151.2299957,150.036499,22420900
731,26-11-2019,151.3600006,152.4199982,151.3200073,152.0299988,150.8301849,24620100
732,27-11-2019,152.3300018,152.5,151.5200043,152.3200073,151.1179047,15184400
733,29-11-2019,152.1000061,152.3000031,151.2799988,151.3800049,150.185318,11977300
734,02-12-2019,151.8099976,151.8300018,148.3200073,149.5500031,148.3697662,27418400
735,03-12-2019,147.4900055,149.4299927,146.6499939,149.3099976,148.1316528,24066000
736,04-12-2019,150.1399994,150.1799927,149.1999969,149.8500061,148.6673889,17574700
737,05-12-2019,150.0500031,150.3200073,149.4799957,149.9299927,148.7467499,17869100
738,06-12-2019,150.9900055,151.8699951,150.2700043,151.75,150.5523834,16403500
739,09-12-2019,151.0700073,152.2100067,150.9100037,151.3600006,150.1654816,16687400
740,10-12-2019,151.2899933,151.8899994,150.7599945,151.1300049,149.9373016,16476100
741,11-12-2019,151.5399933,151.8699951,150.3300018,151.6999969,150.5027771,18856600
742,12-12-2019,151.6499939,153.4400024,151.0200043,153.2400055,152.0306396,24612100
743,13-12-2019,153,154.8899994,152.8300018,154.5299988,153.3104553,23845400
744,16-12-2019,155.1100006,155.8999939,154.8200073,155.5299988,154.3025513,24144200
745,17-12-2019,155.4499969,155.7100067,154.4499969,154.6900024,153.4691925,25425600
746,18-12-2019,154.3000031,155.4799957,154.1799927,154.3699951,153.1517334,24129200
747,19-12-2019,154,155.7700043,153.75,155.7100067,154.4811554,24958900
748,20-12-2019,157.3500061,158.4900055,156.2899933,157.4100037,156.1677399,53477500
749,23-12-2019,158.1199951,158.1199951,157.2700043,157.4100037,156.1677399,17718200
750,24-12-2019,157.4799957,157.7100067,157.1199951,157.3800049,156.1379547,8989200
751,26-12-2019,157.5599976,158.7299957,157.3999939,158.6699982,157.4177856,14520600
752,27-12-2019,159.4499969,159.5500031,158.2200012,158.9600067,157.7055054,18412800
753,30-12-2019,158.9900055,159.0200043,156.7299957,157.5899963,156.3462982,16348400
754,31-12-2019,156.7700043,157.7700043,156.4499969,157.6999969,156.4554291,18369400
755,02-01-2020,158.7799988,160.7299957,158.3300018,160.6199951,159.3523865,22622100
756,03-01-2020,158.3200073,159.9499969,158.0599976,158.6199951,157.3681793,21116200
757,06-01-2020,157.0800018,159.1000061,156.5099945,159.0299988,157.7749481,20813700
758,07-01-2020,159.3200073,159.6699982,157.3200073,157.5800018,156.3363953,21634100
759,08-01-2020,158.9299927,160.8000031,157.9499969,160.0899963,158.8265686,27746500
760,09-01-2020,161.8399963,162.2200012,161.0299988,162.0899963,160.8107758,21385000
761,10-01-2020,162.8200073,163.2200012,161.1799927,161.3399963,160.0667114,20725900
762,13-01-2020,161.7599945,163.3099976,161.2599945,163.2799988,161.991394,21626500
763,14-01-2020,163.3899994,163.6000061,161.7200012,162.1300049,160.8504791,23477400
764,15-01-2020,162.6199951,163.9400024,162.5700073,163.1799927,161.8921967,21417900
765,16-01-2020,164.3500061,166.2400055,164.0299988,166.1699982,164.8585968,23865400
766,17-01-2020,167.4199982,167.4700012,165.4299927,167.1000061,165.7812653,34371700
767,21-01-2020,166.6799927,168.1900024,166.4299927,166.5,165.1859894,29517200
768,22-01-2020,167.3999939,167.4900055,165.6799927,165.6999969,164.3923035,24138800
769,23-01-2020,166.1900024,166.8000031,165.2700043,166.7200012,165.4042511,19680800
770,24-01-2020,167.5099945,167.5299988,164.4499969,165.0399933,163.7375183,24918100
771,27-01-2020,161.1499939,163.3800049,160.1999969,162.2799988,160.9992828,32078100
772,28-01-2020,163.7799988,165.7599945,163.0700073,165.4600067,164.1542206,24899900
773,29-01-2020,167.8399963,168.75,165.6900024,168.0399933,166.7138214,34754500
774,30-01-2020,174.0500031,174.0500031,170.7899933,172.7799988,171.4164276,51597500
775,31-01-2020,172.2100067,172.3999939,169.5800018,170.2299957,168.8865509,36142700
776,03-02-2020,170.4299927,174.5,170.3999939,174.3800049,173.0038147,30149100
777,04-02-2020,177.1399994,180.6399994,176.3099976,180.1199951,178.6985016,36433300
778,05-02-2020,184.0299988,184.1999969,178.4100037,179.8999939,178.4802399,39186300
779,06-02-2020,180.9700012,183.8200073,180.0599976,183.6300049,182.1808167,27751400
780,07-02-2020,182.8500061,185.6300049,182.4799957,183.8899994,182.4387512,33529100
781,10-02-2020,183.5800018,188.8399963,183.25,188.6999969,187.2107849,35844300
782,11-02-2020,190.6499939,190.6999969,183.5,184.4400024,182.9844055,53159900
783,12-02-2020,185.5800018,185.8500061,181.8500061,184.7100067,183.2522736,47062900
784,13-02-2020,183.0800018,186.2299957,182.8699951,183.7100067,182.2601776,35295800
785,14-02-2020,183.25,185.4100037,182.6499939,185.3500061,183.8872223,23149500
786,18-02-2020,185.6100006,187.6999969,185.5,187.2299957,185.7523956,27792200
787,19-02-2020,188.0599976,188.1799927,186.4700012,187.2799988,186.309494,29997500
788,20-02-2020,186.9499969,187.25,181.1000061,184.4199982,183.4643097,36862400
789,21-02-2020,183.1699982,183.5,177.25,178.5899963,177.6645203,48572600
790,24-02-2020,167.7700043,174.5500031,163.2299957,170.8899994,170.004425,68311100
791,25-02-2020,174.1999969,174.8399963,167.6499939,168.0700073,167.1990509,68073300
792,26-02-2020,169.7100067,173.2599945,168.2100067,170.1699982,169.288147,56206100
793,27-02-2020,163.3200073,167.0299988,157.9799957,158.1799927,157.3602905,93174900
794,28-02-2020,152.4100037,163.7100067,152,162.0099945,161.1704407,97073600
795,02-03-2020,165.3099976,172.9199982,162.3099976,172.7899933,171.894577,71030800
796,03-03-2020,173.8000031,175,162.2599945,164.5099945,163.657486,71677000
797,04-03-2020,168.4900055,170.6999969,165.6199951,170.5500031,169.6661835,49814400
798,05-03-2020,166.0500031,170.8699951,165.6900024,166.2700043,165.408371,47817300
799,06-03-2020,162.6100006,163.1100006,156,161.5700073,160.7327423,72821100
800,09-03-2020,151,157.75,150,150.6199951,149.8394623,70419300
801,10-03-2020,158.1600037,161.0299988,152.5800018,160.9199982,160.0860901,65354400
802,11-03-2020,157.1300049,157.6999969,151.1499939,153.6300049,152.8338776,56371600
803,12-03-2020,145.3000031,153.4700012,138.5800018,139.0599976,138.3393707,93226400
804,13-03-2020,147.5,161.9100037,140.7299957,158.8300018,158.0069122,92727400
805,16-03-2020,140,149.3500061,135,135.4199982,134.7182312,87905900
806,17-03-2020,140,147.5,135,146.5700073,145.8104706,81059800
807,18-03-2020,138,146,135.0200043,140.3999939,139.6724243,81593200
808,19-03-2020,142.7700043,150.1499939,139,142.7100067,141.9704742,85922700
809,20-03-2020,146,147.1000061,135.8600006,137.3500061,136.6382446,84866200
810,23-03-2020,137.0099945,140.5700073,132.5200043,135.9799957,135.2753448,78761200
811,24-03-2020,143.75,149.6000061,141.2700043,148.3399963,147.5712891,82516700
812,25-03-2020,148.9100037,154.3300018,144.4400024,146.9199982,146.1586304,75638200
813,26-03-2020,148.3999939,156.6600037,148.3699951,156.1100006,155.3010254,64568100
814,27-03-2020,151.75,154.8899994,149.1999969,149.6999969,148.9242249,57042300
815,30-03-2020,152.4400024,160.6000061,150.0099945,160.2299957,159.3996735,63420300
816,31-03-2020,159.3999939,164.7799988,156.5599976,157.7100067,156.8927307,77927200
817,01-04-2020,153,157.75,150.8200073,152.1100006,151.3217468,57969900
818,02-04-2020,151.8600006,155.4799957,150.3600006,155.2599945,154.4554138,49630700
819,03-04-2020,155.1000061,157.3800049,152.1900024,153.8300018,153.0328369,41243300
820,06-04-2020,160.3200073,166.5,157.5800018,165.2700043,164.4135437,67111700
821,07-04-2020,169.5899963,170,163.2599945,163.4900055,162.6427765,62769000
822,08-04-2020,165.6699982,166.6699982,163.5,165.1300049,164.2742767,48318200
823,09-04-2020,166.3600006,167.3699951,163.3300018,165.1399994,164.2842255,51431800
824,13-04-2020,164.3500061,165.5700073,162.3000031,165.5099945,164.6523132,41905300
825,14-04-2020,169,173.75,168,173.6999969,172.7998657,52874300
826,15-04-2020,171.1999969,173.5700073,169.2400055,171.8800049,170.9893036,40940800
827,16-04-2020,174.3000031,177.2799988,172.8999939,177.0399933,176.1225433,50479600
828,17-04-2020,179.5,180,175.8699951,178.6000061,177.6744843,52765600
829,20-04-2020,176.6300049,178.75,174.9900055,175.0599976,174.1528168,36669600
830,21-04-2020,173.5,173.6699982,166.1100006,167.8200073,166.9503479,56203700
831,22-04-2020,171.3899994,174,170.8200073,173.5200043,172.6208038,34651600
832,23-04-2020,174.1100006,175.0599976,170.9100037,171.4199982,170.5316772,32790800
833,24-04-2020,172.0599976,174.5599976,170.7100067,174.5500031,173.645462,34305300
834,27-04-2020,176.5899963,176.8999939,173.3000031,174.0500031,173.148056,33194400
835,28-04-2020,175.5899963,175.6699982,169.3899994,169.8099976,168.9300232,34392700
836,29-04-2020,173.2200012,177.6799927,171.8800049,177.4299927,176.5105286,51286600
837,30-04-2020,180,180.3999939,176.2299957,179.2100067,178.281311,53661300
838,01-05-2020,175.8000031,178.6399994,174.0099945,174.5700073,173.6653748,39370500
839,04-05-2020,174.4900055,179,173.8000031,178.8399963,177.9132233,30372900
840,05-05-2020,180.6199951,183.6499939,179.8999939,180.7599945,179.8232727,36839200
841,06-05-2020,182.0800018,184.1999969,181.6300049,182.5399933,181.5940552,32139300
842,07-05-2020,184.1699982,184.5500031,182.5800018,183.6000061,182.6485748,28316000
843,08-05-2020,184.9799957,185,183.3600006,184.6799927,183.7229462,30912600
844,11-05-2020,183.1499939,187.5099945,182.8500061,186.7400055,185.7722931,30809400
845,12-05-2020,186.8000031,187.0399933,182.3000031,182.5099945,181.5641937,32038200
846,13-05-2020,182.5500031,184.0500031,176.5399933,179.75,178.818512,44711500
847,14-05-2020,177.5399933,180.6900024,175.6799927,180.5299988,179.5944672,41873900
848,15-05-2020,179.0599976,187.0599976,177,183.1600037,182.2108459,46610400
849,18-05-2020,185.75,186.1999969,183.9600067,184.9100037,183.951767,35306600
850,19-05-2020,185.0299988,186.6000061,183.4900055,183.6300049,182.6784058,26799100
851,20-05-2020,184.8099976,185.8500061,183.9400024,185.6600037,185.2122803,31261300
852,21-05-2020,185.3999939,186.6699982,183.2899933,183.4299927,182.9876556,29119500
853,22-05-2020,183.1900024,184.4600067,182.5399933,183.5099945,183.0674591,20826900
854,26-05-2020,186.3399963,186.5,181.1000061,181.5700073,181.1321564,36073600
855,27-05-2020,180.1999969,181.9900055,176.6000061,181.8099976,181.3715668,39517100
856,28-05-2020,180.7400055,184.1499939,180.3800049,181.3999939,180.9625549,33810200
857,29-05-2020,182.7299957,184.2700043,180.4100037,183.25,182.8080902,42146700
858,01-06-2020,182.5399933,183,181.4600067,182.8300018,182.3891144,22622400
859,02-06-2020,184.25,185,181.3500061,184.9100037,184.4640961,30794600
860,03-06-2020,184.8200073,185.9400024,183.5800018,185.3600006,184.9130096,27311000
861,04-06-2020,184.3000031,185.8399963,182.3000031,182.9199982,182.4788818,28761800
862,05-06-2020,182.6199951,187.7299957,182.0099945,187.1999969,186.7485657,39893600
863,08-06-2020,185.9400024,188.5500031,184.4400024,188.3600006,187.905777,33211600
864,09-06-2020,188,190.6999969,187.2599945,189.8000031,189.3423004,29783900
865,10-06-2020,191.1300049,198.5200043,191.0099945,196.8399963,196.3653259,43872300
866,11-06-2020,193.1300049,195.7599945,186.0700073,186.2700043,185.820816,52854700
867,12-06-2020,190.5399933,191.7200012,185.1799927,187.7400055,187.2872772,43345700
868,15-06-2020,184.5800018,190.8200073,184.0099945,188.9400024,188.484375,32770200
869,16-06-2020,192.8899994,195.5800018,191.4600067,193.5700073,193.1032104,42556700
870,17-06-2020,195.0299988,196.3200073,193.6900024,194.2400055,193.7715912,25655900
871,18-06-2020,194,196.4900055,194,196.3200073,195.8465881,23061600
872,19-06-2020,198.5899963,199.2899933,194.3699951,195.1499939,194.6793976,44441100
873,22-06-2020,195.7899933,200.7599945,195.2299957,200.5700073,200.0863342,32818900
874,23-06-2020,202.0899963,203.9499969,201.4299927,201.9100037,201.4230957,30917400
875,24-06-2020,201.6000061,203.25,196.5599976,197.8399963,197.362915,36740600
876,25-06-2020,197.8000031,200.6100006,195.4700012,200.3399963,199.8568726,27803900
877,26-06-2020,199.7299957,199.8899994,194.8800049,196.3300018,195.8565521,54675800
878,29-06-2020,195.7799988,198.5299988,193.5500031,198.4400024,197.9614716,26701600
879,30-06-2020,197.8800049,204.3999939,197.7400055,203.5099945,203.0192261,34310300
880,01-07-2020,203.1399994,206.3500061,201.7700043,204.6999969,204.2063599,32061200
881,02-07-2020,205.6799927,208.0200043,205,206.2599945,205.7626038,29315800
882,06-07-2020,208.8300018,211.1300049,208.0899963,210.6999969,210.1918945,31897600
883,07-07-2020,210.4499969,214.6699982,207.9900055,208.25,207.7478027,33600700
884,08-07-2020,210.0700073,213.2599945,208.6900024,212.8300018,212.3167725,33600000
885,09-07-2020,216.3300018,216.3800049,211.4700012,214.3200073,213.8031769,33121700
886,10-07-2020,213.6199951,214.0800018,211.0800018,213.6699982,213.1547394,26177600
887,13-07-2020,214.4799957,215.8000031,206.5,207.0700073,206.5706635,38135600
888,14-07-2020,206.1300049,208.8500061,202.0299988,208.3500061,207.84758,37591800
889,15-07-2020,209.5599976,211.3300018,205.0299988,208.0399933,207.5383148,32179400
890,16-07-2020,205.3999939,205.6999969,202.3099976,203.9199982,203.4282532,29940700
891,17-07-2020,204.4700012,205.0399933,201.3899994,202.8800049,202.3907623,31635300
892,20-07-2020,205,212.3000031,203.0099945,211.6000061,211.0897369,36884800
893,21-07-2020,213.6600037,213.9400024,208.0299988,208.75,208.2465973,38105800
894,22-07-2020,209.1999969,212.3000031,208.3899994,211.75,211.2393646,49605700
895,23-07-2020,207.1900024,210.9199982,202.1499939,202.5399933,202.0515747,67457000
896,24-07-2020,200.4199982,202.8600006,197.5099945,201.3000031,200.8145752,39827000
897,27-07-2020,201.4700012,203.9700012,200.8600006,203.8500061,203.358429,30160900
898,28-07-2020,203.6100006,204.6999969,201.7400055,202.0200043,201.5328369,23251400
899,29-07-2020,202.5,204.6499939,202.0099945,204.0599976,203.5679169,19632600
900,30-07-2020,201,204.4600067,199.5700073,203.8999939,203.4082947,25079600
901,31-07-2020,204.3999939,205.1000061,199.0099945,205.0099945,204.5156097,51248000
902,03-08-2020,211.5200043,217.6399994,210.4400024,216.5399933,216.017807,78983000
903,04-08-2020,214.1699982,214.7700043,210.3099976,213.2899933,212.77565,49280100
904,05-08-2020,214.8999939,215,211.5700073,212.9400024,212.4264984,28858600
905,06-08-2020,212.3399963,216.3699951,211.5500031,216.3500061,215.8282776,32656800
906,07-08-2020,214.8500061,215.6999969,210.9299927,212.4799957,211.9676056,27789600
907,10-08-2020,211.6699982,211.8800049,206.3500061,208.25,207.7478027,36716500
908,11-08-2020,207.1600037,207.6499939,203.1399994,203.3800049,202.8895569,36446500
909,12-08-2020,205.2899933,210.2799988,204.75,209.1900024,208.6855469,28041400
910,13-08-2020,209.4400024,211.3500061,208.1499939,208.6999969,208.1967163,22588900
911,14-08-2020,208.7599945,209.5899963,207.5099945,208.8999939,208.3962402,17958900
912,17-08-2020,209.6000061,211.1900024,208.9199982,210.2799988,209.7729187,20184800
913,18-08-2020,210.5299988,212.3600006,209.2100067,211.4900055,210.9799957,21336200
914,19-08-2020,211.4900055,212.1000061,209.25,209.6999969,209.6999969,27627600
915,20-08-2020,209.5399933,215,208.9100037,214.5800018,214.5800018,26981500
916,21-08-2020,213.8600006,216.25,212.8500061,213.0200043,213.0200043,36249300
917,24-08-2020,214.7899933,215.5200043,212.4299927,213.6900024,213.6900024,25460100
918,25-08-2020,213.1000061,216.6100006,213.1000061,216.4700012,216.4700012,23043700
919,26-08-2020,217.8800049,222.0899963,217.3600006,221.1499939,221.1499939,39600800
920,27-08-2020,222.8899994,231.1499939,219.3999939,226.5800018,226.5800018,57602200
921,28-08-2020,228.1799927,230.6399994,226.5800018,228.9100037,228.9100037,26292900
922,31-08-2020,227,228.6999969,224.3099976,225.5299988,225.5299988,28774200
923,01-09-2020,225.5099945,227.4499969,224.4299927,227.2700043,227.2700043,25791200
924,02-09-2020,227.9700012,232.8600006,227.3500061,231.6499939,231.6499939,34080800
925,03-09-2020,229.2700043,229.3099976,214.9600067,217.3000031,217.3000031,58400300
926,04-09-2020,215.1000061,218.3600006,205.1900024,214.25,214.25,59664100
927,08-09-2020,206.5,210.0299988,202.1999969,202.6600037,202.6600037,52924300
928,09-09-2020,207.6000061,214.8399963,206.6999969,211.2899933,211.2899933,45679000
929,10-09-2020,213.3999939,214.7400055,204.1100006,205.3699951,205.3699951,35461500
930,11-09-2020,207.1999969,208.6300049,201.2400055,204.0299988,204.0299988,33620100
931,14-09-2020,204.2400055,209.1999969,204.0299988,205.4100037,205.4100037,30375800
932,15-09-2020,208.4199982,209.7799988,206.9299927,208.7799988,208.7799988,21823900
933,16-09-2020,210.6199951,210.6499939,204.6399994,205.0500031,205.0500031,26328100
934,17-09-2020,200.0500031,204.3300018,199.9600067,202.9100037,202.9100037,34011300
935,18-09-2020,202.8000031,203.6499939,196.25,200.3899994,200.3899994,55225300
